date,title,link,Polarity,Sentiment_Type
2021-10-16,"Indonesia plans to churn out 600,000 electric cars by 2030",https://en.antaranews.com/news/194525/indonesia-plans-to-churn-out-600000-electric-cars-by-2030,0.0,NEUTRAL
2021-10-13,Indonesia to commence electric car production in 2023-2024: President,https://en.antaranews.com/news/194025/indonesia-to-commence-electric-car-production-in-2023-2024-president,0.0,NEUTRAL
2021-10-13,SBT and NTT Com to commence trial of local currency price display and settlement system for cross-border used car sales and export,https://en.antaranews.com/news/194017/sbt-and-ntt-com-to-commence-trial-of-local-currency-price-display-and-settlement-system-for-cross-border-used-car-sales-and-export,0.0,NEUTRAL
2021-10-01,Malang Forkopimda launches drive-thru vaccination car,https://en.antaranews.com/news/192113/malang-forkopimda-launches-drive-thru-vaccination-car,0.0,NEUTRAL
2021-09-25,BNPB offers mask cars for Papuans during XX Papua PON,https://en.antaranews.com/news/191029/bnpb-offers-mask-cars-for-papuans-during-xx-papua-pon,0.1,POSITIVE
2021-09-15,Indonesia's first electric car manufactured by May 2022: Minister,https://en.antaranews.com/news/189249/indonesias-first-electric-car-manufactured-by-may-2022-minister,0.25,POSITIVE
2021-08-25,Government committed to developing electric car industry: KSP,https://en.antaranews.com/news/185626/government-committed-to-developing-electric-car-industry-ksp,0.0,NEUTRAL
2021-08-12,MUI chief injured in car accident on Central Java toll road,https://en.antaranews.com/news/183570/mui-chief-injured-in-car-accident-on-central-java-toll-road,0.0,NEUTRAL
2021-08-07,UGM team earns laurels at international electric car competition,https://en.antaranews.com/news/182682/ugm-team-earns-laurels-at-international-electric-car-competition,0.0,NEUTRAL
2021-08-05,Indonesia's automotive industry facing challenges in online sales,https://en.antaranews.com/news/182454/indonesias-automotive-industry-facing-challenges-in-online-sales,0.0,NEUTRAL
2021-07-15,Indonesia aiming to become major electric vehicle player: minister,https://en.antaranews.com/news/179278/indonesia-aiming-to-become-major-electric-vehicle-player-minister,0.0625,POSITIVE
2021-06-24,Electric car battery factory to commence production in 2023: minister,https://en.antaranews.com/news/177374/electric-car-battery-factory-to-commence-production-in-2023-minister,0.0,NEUTRAL
2020-12-20,Patimban Port sends maiden automative export to Brunei Darussalam,https://en.antaranews.com/news/164128/patimban-port-sends-maiden-automative-export-to-brunei-darussalam,0.0,NEUTRAL
2020-11-17,"South Korea, Indonesia to ink pact to make electric car batteries",https://en.antaranews.com/news/161700/south-korea-indonesia-to-ink-pact-to-make-electric-car-batteries,0.0,NEUTRAL
2020-10-20,Indonesia eyes becoming key player in electric vehicle industry,https://en.antaranews.com/news/159409/indonesia-eyes-becoming-key-player-in-electric-vehicle-industry,0.225,POSITIVE
2020-09-17,"Policewoman hit by Yalimo deputy district head's car, dies",https://en.antaranews.com/news/156754/policewoman-hit-by-yalimo-deputy-district-heads-car-dies,0.0,NEUTRAL
2020-09-16,Indonesia records 47.43-percent rise in car sales in August,https://en.antaranews.com/news/156702/indonesia-records-4743-percent-rise-in-car-sales-in-august,0.0,NEUTRAL
2020-08-27,Ministry prescribes circular economy route to car battery development,https://en.antaranews.com/news/155234/ministry-prescribes-circular-economy-route-to-car-battery-development,0.0,NEUTRAL
2020-08-15,Car sales in Indonesia increased 100 percent in July,https://en.antaranews.com/news/154322/car-sales-in-indonesia-increased-100-percent-in-july,0.0,NEUTRAL
2020-08-11,"cocoa motors. begins worldwide sales of car in bag ""WALKCAR"" from August 11",https://en.antaranews.com/news/153914/cocoa-motors-begins-worldwide-sales-of-car-in-bag-walkcar-from-august-11,0.0,NEUTRAL
2020-06-25,South Jakarta's five road sections prepared for Car Free Day,https://en.antaranews.com/news/151266/south-jakartas-five-road-sections-prepared-for-car-free-day,0.4,POSITIVE
2020-06-21,Jakarta's car free day returns after being suspended since March 15,https://en.antaranews.com/news/151068/jakartas-car-free-day-returns-after-being-suspended-since-march-15,0.4,POSITIVE
2020-04-24,"Police turn back 1,181 car drivers following ""mudik"" ban enactment",https://en.antaranews.com/news/146688/police-turn-back-1181-car-drivers-following-mudik-ban-enactment,0.0,NEUTRAL
2020-04-08,Car sales fall as coronavirus outbreak cuts demand,https://en.antaranews.com/news/145654/car-sales-fall-as-coronavirus-outbreak-cuts-demand,0.0,NEUTRAL
2020-01-31,"NTB natives reject cable car to protect, preserve Mt Rinjani",https://en.antaranews.com/news/140539/ntb-natives-reject-cable-car-to-protect-preserve-mt-rinjani,0.0,NEUTRAL
2020-01-22,"332,000 Indonesian-made cars sent overseas in 2019",https://en.antaranews.com/news/140127/332000-indonesian-made-cars-sent-overseas-in-2019,0.0,NEUTRAL
2020-01-17,PLN goads people to transition to electric vehicles,https://en.antaranews.com/news/139818/pln-goads-people-to-transition-to-electric-vehicles,0.0,NEUTRAL
2020-01-02,"East Java toll road crash kills mother, kids",https://en.antaranews.com/news/139056/east-java-toll-road-crash-kills-mother-kids,0.0,NEUTRAL
2019-12-27,Car-free night at Kuta Beach for New Year's Eve : Police,https://en.antaranews.com/news/138792/car-free-night-at-kuta-beach-for-new-years-eve--police,0.1363636363636363,POSITIVE
2019-12-22,Seven people killed after a train hits their car in Cibitung: police,https://en.antaranews.com/news/138547/seven-people-killed-after-a-train-hits-their-car-in-cibitung-police,-0.2,NEGATIVE
2019-12-13,Grab's electric cars to operate in Jakarta in January 2020,https://en.antaranews.com/news/138092/grabs-electric-cars-to-operate-in-jakarta-in-january-2020,0.0,NEUTRAL
2019-12-01,Papuan gunmen attack Freeport Indonesia's escort car,https://en.antaranews.com/news/137448/papuan-gunmen-attack-freeport-indonesias-escort-car,0.0,NEUTRAL
2019-11-03,"Minister urges Gojek, Grab to work with locals on electric cars",https://en.antaranews.com/news/135848/minister-urges-gojek-grab-to-work-with-locals-on-electric-cars,0.0,NEUTRAL
2019-10-12,Four dead as falling tree smashes car in East Java,https://en.antaranews.com/news/134548/four-dead-as-falling-tree-smashes-car-in-east-java,-0.2,NEGATIVE
2019-09-06,President Jokowi inaugurates 'Esemka' car manufacturing factory,https://en.antaranews.com/news/132288/president-jokowi-inaugurates-esemka-car-manufacturing-factory,0.0,NEUTRAL
2019-09-04,BPPT ensures standardization of EV charging stations,https://en.antaranews.com/news/132132/bppt-ensures-standardization-of-ev-charging-stations,0.0,NEUTRAL
2019-09-04,Indonesia organizes foremost electrical vehicle exhibition on Sept 4-5,https://en.antaranews.com/news/132128/indonesia-organizes-foremost-electrical-vehicle-exhibition-on-sept-4-5,0.0,NEUTRAL
2019-09-02,Death toll in Cipularang multiple-car crash rises to eight,https://en.antaranews.com/news/132008/death-toll-in-cipularang-multiple-car-crash-rises-to-eight,0.0,NEUTRAL
2019-09-02,Six dead in Cipularang toll road's multi-vehicle crash: Jasa Marga,https://en.antaranews.com/news/131978/six-dead-in-cipularang-toll-roads-multi-vehicle-crash-jasa-marga,-0.2,NEGATIVE
2019-08-23,Transportation Minister calls for development of electric buses,https://en.antaranews.com/news/131496/transportation-minister-calls-for-development-of-electric-buses,0.0,NEUTRAL
2019-08-08,Indonesian-made electric cars can be competitively priced: President,https://en.antaranews.com/news/130672/indonesian-made-electric-cars-can-be-competitively-priced-president,0.0,NEUTRAL
2019-08-01,Jakarta should use electric cars to improve air quality: Jokowi,https://en.antaranews.com/news/130218/jakarta-should-use-electric-cars-to-improve-air-quality-jokowi,0.0,NEUTRAL
2019-07-29,President expected to sign regulation on electric cars this week,https://en.antaranews.com/news/129968/president-expected-to-sign-regulation-on-electric-cars-this-week,-0.1,NEGATIVE
2019-07-20,"Five dead, three injured in Cipali toll road car crash",https://en.antaranews.com/news/129330/five-dead-three-injured-in-cipali-toll-road-car-crash,-0.2,NEGATIVE
2019-06-29,"Train rams car, killing seven in West Java",https://en.antaranews.com/news/127997/train-rams-car-killing-seven-in-west-java,0.0,NEUTRAL
2019-06-17,"Multi-car collision in Cipali, West Java, claims 12 lives",https://en.antaranews.com/news/127224/multi-car-collision-in-cipali-west-java-claims-12-lives,0.0,NEUTRAL
2019-05-18,Domestic car sales falls 17 percent in April,https://en.antaranews.com/news/125725/domestic-car-sales-falls-17-percent-in-april,0.0,NEUTRAL
2019-04-23,Police probe case of two students killed by police car,https://en.antaranews.com/news/124167/police-probe-case-of-two-students-killed-by-police-car,-0.2,NEGATIVE
2019-02-04,Legislator receives two-month sentence for using state car for campaign,https://en.antaranews.com/news/122148/legislator-receives-two-month-sentence-for-using-state-car-for-campaign,0.0,NEUTRAL
2018-12-19,VW plans to build car factory in Indonesia,https://en.antaranews.com/news/121433/vw-plans-to-build-car-factory-in-indonesia,0.0,NEUTRAL
2018-12-03,Urban electric car of Muhammadiyah Malang Univ breaks Asian record,https://en.antaranews.com/news/120990/urban-electric-car-of-muhammadiyah-malang-univ-breaks-asian-record,0.0,NEUTRAL
2018-11-29,Jonan says he cannot afford to buy electric car,https://en.antaranews.com/news/120913/jonan-says-he-cannot-afford-to-buy-electric-car,0.0,NEUTRAL
2018-11-08,Pindad introduces latest armored car in cooperation with CSG,https://en.antaranews.com/news/120303/pindad-introduces-latest-armored-car-in-cooperation-with-csg,0.5,POSITIVE
2018-10-31,Toshiba adds new 4-channel high-efficiency linear power amplifier for car audios featuring maximum 45W output,https://en.antaranews.com/news/120049/toshiba-adds-new-4-channel-high-efficiency-linear-power-amplifier-for-car-audios-featuring-maximum-45w-output,0.1363636363636363,POSITIVE
2018-10-02,Toyota Astra raises car prices on high production costs,https://en.antaranews.com/news/119134/toyota-astra-raises-car-prices-on-high-production-costs,0.16,POSITIVE
2018-09-25,Toshiba launches power amplifier for car audio with strong resistance to power surges,https://en.antaranews.com/news/118898/toshiba-launches-power-amplifier-for-car-audio-with-strong-resistance-to-power-surges,0.4333333333333333,POSITIVE
2018-07-31,At least 6 killed in car bomb attack in southern Philippines,https://en.antaranews.com/news/116966/at-least-6-killed-in-car-bomb-attack-in-southern-philippines,-0.1666666666666666,NEGATIVE
2018-06-19,Car accident kills three Indonesian umrah pilgrims,https://en.antaranews.com/news/116215/car-accident-kills-three-indonesian-umrah-pilgrims,0.0,NEUTRAL
2018-05-19,Govt to promote electric car industry in Indonesia,https://en.antaranews.com/news/115771/govt-to-promote-electric-car-industry-in-indonesia,0.0,NEUTRAL
2018-01-17,World's first connected car cyber-security service - Trillium@Tokyo,https://en.antaranews.com/news/114293/worlds-first-connected-car-cyber-security-service--trilliumtokyo,0.25,POSITIVE
2017-12-19,President tries electric car on Sumo Toll Road,https://en.antaranews.com/news/113940/president-tries-electric-car-on-sumo-toll-road,-0.1,NEGATIVE
2017-12-14,Toshiba adds power amplifier IC adopting pure MOS for car audio,https://en.antaranews.com/news/113844/toshiba-adds-power-amplifier-ic-adopting-pure-mos-for-car-audio,0.2142857142857142,POSITIVE
2017-12-07,Toshiba launches 4-channel high-efficiency linear power amplifier for car audio,https://en.antaranews.com/news/113744/toshiba-launches-4-channel-high-efficiency-linear-power-amplifier-for-car-audio,0.0,NEUTRAL
2017-11-17,Novanto hospitalized after car accident,https://en.antaranews.com/news/113447/novanto-hospitalized-after-car-accident,0.0,NEUTRAL
2017-10-28,Huge blast in Mogadishu,https://en.antaranews.com/news/113254/huge-blast-in-mogadishu,0.4000000000000001,POSITIVE
2017-09-26,Electric car development needs large investment: Minister,https://en.antaranews.com/news/112801/electric-car-development-needs-large-investment-minister,0.2142857142857142,POSITIVE
2017-06-18,"Six dead, seven injured in Bali car crash",https://en.antaranews.com/news/111444/six-dead-seven-injured-in-bali-car-crash,-0.2,NEGATIVE
2017-04-17,Sean Gelael to test drive Toro Rosso`s Formula 1 car,https://en.antaranews.com/news/110475/sean-gelael-to-test-drive-toro-rossos-formula-1-car,0.0,NEUTRAL
2017-03-29,Toshiba's new car audio system regulator IC handles all power requirements,https://en.antaranews.com/news/110200/toshibas-new-car-audio-system-regulator-ic-handles-all-power-requirements,0.1363636363636363,POSITIVE
2017-01-26,Toshiba launches car audio current-feedback power amplifier IC with built-in full-time offset detection,https://en.antaranews.com/news/109130/toshiba-launches-car-audio-current-feedback-power-amplifier-ic-with-built-in-full-time-offset-detection,0.0,NEUTRAL
2016-12-28,Jakarta to hold car-free night on New Year`s Eve,https://en.antaranews.com/news/108638/jakarta-to-hold-car-free-night-on-new-years-eve,0.1363636363636363,POSITIVE
2016-10-19,"Laptop-sized car ""WALKCAR"" to be available for pre-order from Oct. 21",https://en.antaranews.com/news/107279/laptop-sized-car-walkcar-to-be-available-for-pre-order-from-oct-21,0.4,POSITIVE
2016-10-16,President Jokowi meets people at car-free day in Solo,https://en.antaranews.com/news/107250/president-jokowi-meets-people-at-car-free-day-in-solo,0.0,NEUTRAL
2016-06-14,Astra doubts car sales would increase,https://en.antaranews.com/news/105187/astra-doubts-car-sales-would-increase,0.0,NEUTRAL
2016-06-07,"Car bomb targeting police kills 11, wounds 36 in Istanbul",https://en.antaranews.com/news/105074/car-bomb-targeting-police-kills-11-wounds-36-in-istanbul,0.0,NEUTRAL
2016-05-16,"Astra car sales down 2.7 percent to 208,804 units in Q1",https://en.antaranews.com/news/104705/astra-car-sales-down-27-percent-to-208804-units-in-q1,-0.1555555555555555,NEGATIVE
2016-04-27,Toshiba launches current-feedback 4ch power amplifier IC for car audio with built-in full-time offset detection,https://en.antaranews.com/news/104386/toshiba-launches-current-feedback-4ch-power-amplifier-ic-for-car-audio-with-built-in-full-time-offset-detection,0.0,NEUTRAL
2016-04-03,Indonesian students` Chem-E-Car to compete in Malaysia,https://en.antaranews.com/news/103979/indonesian-students-chem-e-car-to-compete-in-malaysia,0.0,NEUTRAL
2016-03-22,Pioneer shows off car infotainment tech at Bangkok Motor Show,https://en.antaranews.com/news/103802/pioneer-shows-off-car-infotainment-tech-at-bangkok-motor-show,0.0,NEUTRAL
2016-03-10,Indonesia expected to become car production hub,https://en.antaranews.com/news/103584/indonesia-expected-to-become-car-production-hub,-0.1,NEGATIVE
2015-08-21,Car industry interested in developing Indonesian electric car,https://en.antaranews.com/news/100091/car-industry-interested-in-developing-indonesian-electric-car,0.25,POSITIVE
2015-08-18,Progress in development of electric cars worries major car makers,https://en.antaranews.com/news/100028/progress-in-development-of-electric-cars-worries-major-car-makers,0.0625,POSITIVE
2015-08-07,"Car bombing kills at least 8, wounding more than 100 in Afghan capital",https://en.antaranews.com/news/99858/car-bombing-kills-at-least-8-wounding-more-than-100-in-afghan-capital,0.1,POSITIVE
2015-08-06,Honda Access Gains Competitive Advantage with Car Accessories Prototyped by Stratasys 3D Printer,https://en.antaranews.com/news/99831/honda-access-gains-competitive-advantage-with-car-accessories-prototyped-by-stratasys-3d-printer,0.0,NEUTRAL
2015-07-30,Bank Permata reports increase in net profit amid uncertainty,https://en.antaranews.com/news/99709/bank-permata-reports-increase-in-net-profit-amid-uncertainty,0.0,NEUTRAL
2015-06-24,Chinese Cellphone Maker Ramos Repurposes Electric Car Battery Technology to Extend Life of Cellphone Batteries,https://en.antaranews.com/news/99318/chinese-cellphone-maker-ramos-repurposes-electric-car-battery-technology-to-extend-life-of-cellphone-batteries,0.0,NEUTRAL
2015-06-21,"Three killed, 34 injured in Austrian car accident",https://en.antaranews.com/news/99267/three-killed-34-injured-in-austrian-car-accident,-0.2,NEGATIVE
2015-05-22,Could another English King be buried under a car park?,https://en.antaranews.com/news/99031/could-another-english-king-be-buried-under-a-car-park,0.0,NEUTRAL
2015-04-06,President Jokowi revokes controversial car down payment regulation,https://en.antaranews.com/news/98381/president-jokowi-revokes-controversial-car-down-payment-regulation,0.1972222222222222,POSITIVE
2015-02-26,Esemka to serve as rural transportation vehicle,https://en.antaranews.com/news/97903/esemka-to-serve-as-rural-transportation-vehicle,0.0,NEUTRAL
2015-02-22,"Pro-Indonesia coalition holds ""Coin for Australia"" at car free day",https://en.antaranews.com/news/97854/pro-indonesia-coalition-holds-coin-for-australia-at-car-free-day,0.4,POSITIVE
2015-02-12,Smoking in cars to become illegal in England,https://en.antaranews.com/news/97756/smoking-in-cars-to-become-illegal-in-england,-0.5,NEGATIVE
2015-02-09,Not easy to develop national car firm: VP,https://en.antaranews.com/news/97725/not-easy-to-develop-national-car-firm-vp,-0.2083333333333333,NEGATIVE
2015-02-06,The EXNESS Logo Adorns Infiniti Red Bull Racing's New Formula One Car,https://en.antaranews.com/news/97689/the-exness-logo-adorns-infiniti-red-bull-racings-new-formula-one-car,0.0681818181818181,POSITIVE
2014-12-17,Two car bombings kill 40 in central Yemen,https://en.antaranews.com/news/96939/two-car-bombings-kill-40-in-central-yemen,0.0,NEUTRAL
2014-12-02,Enterprise Rent-A-Car Heads into Baltics with Appointment of Bioline,https://en.antaranews.com/news/96770/enterprise-rent-a-car-heads-into-baltics-with-appointment-of-bioline,0.0,NEUTRAL
2014-11-30,David Beckham and son unhurt in UK car crash,https://en.antaranews.com/news/96757/david-beckham-and-son-unhurt-in-uk-car-crash,0.0,NEUTRAL
2014-11-07,Shooters of Amien Rais`s car used homemade rifle: Police,https://en.antaranews.com/news/96448/shooters-of-amien-raiss-car-used-homemade-rifle-police,0.0,NEUTRAL
2014-10-16,Dahlan ready to continue developing electric car program,https://en.antaranews.com/news/96094/dahlan-ready-to-continue-developing-electric-car-program,0.2,POSITIVE
2014-10-13,Triple car bomb attack kills 25 in Iraq town: officials,https://en.antaranews.com/news/96038/triple-car-bomb-attack-kills-25-in-iraq-town-officials,0.0,NEUTRAL
2014-09-24,No problem if Indonesian green car program stopped: Gaikindo,https://en.antaranews.com/news/95818/no-problem-if-indonesian-green-car-program-stopped-gaikindo,-0.2,NEGATIVE
2014-09-18,Indonesia`s car production predicted to reach 1.4 million units,https://en.antaranews.com/news/95727/indonesias-car-production-predicted-to-reach-14-million-units,0.0,NEUTRAL
2014-08-27,Toyota Holds Eighth Dream Car Art Contest Awards Ceremony,https://en.antaranews.com/news/95427/toyota-holds-eighth-dream-car-art-contest-awards-ceremony,0.0,NEUTRAL
2014-08-17,ITS launches second generation of formula car,https://en.antaranews.com/news/95346/its-launches-second-generation-of-formula-car,0.0,NEUTRAL
2014-06-02,"Share Your Car Passion, Go to 2014 Formula 1 Shell Belgium Grand Prix",https://en.antaranews.com/news/94276/share-your-car-passion-go-to-2014-formula-1-shell-belgium-grand-prix,0.5,POSITIVE
2014-05-03,"1 killed, two injured in Cairo car explosion",https://en.antaranews.com/news/93868/1-killed-two-injured-in-cairo-car-explosion,-0.2,NEGATIVE
2014-04-30,Anti-graft body confiscates a mayor`s grandmother's car,https://en.antaranews.com/news/93838/anti-graft-body-confiscates-a-mayors-grandmothers-car,0.0,NEUTRAL
2014-03-26,Indonesia`s car exports projected to hit 200 thousand this year,https://en.antaranews.com/news/93382/indonesias-car-exports-projected-to-hit-200-thousand-this-year,0.0,NEUTRAL
2014-03-23,Singer Shavrina seriously injured in car accident in Moscow,https://en.antaranews.com/news/93309/singer-shavrina-seriously-injured-in-car-accident-in-moscow,-0.3333333333333333,NEGATIVE
2014-01-16,Car bomb in Lebanon town near Syria kills three,https://en.antaranews.com/news/92227/car-bomb-in-lebanon-town-near-syria-kills-three,0.1,POSITIVE
2013-12-27,Beirut car bomb kills adviser to ex-PM,https://en.antaranews.com/news/91976/beirut-car-bomb-kills-adviser-to-ex-pm,0.0,NEUTRAL
2013-10-07,National electric car project could boost Indonesian products` exports: Minister,https://en.antaranews.com/news/91044/national-electric-car-project-could-boost-indonesian-products-exports-minister,0.0,NEUTRAL
2013-09-27,Cheap car policy sparks controversy,https://en.antaranews.com/news/90897/cheap-car-policy-sparks-controversy,0.4,POSITIVE
2013-09-26,Govt to develop electric car in stages: Minister,https://en.antaranews.com/news/90881/govt-to-develop-electric-car-in-stages-minister,0.0,NEUTRAL
2013-09-26,Rp11 tln spent on research for electrical bus,https://en.antaranews.com/news/90880/rp11-tln-spent-on-research-for-electrical-bus,-0.1,NEGATIVE
2013-09-24,Jokowi has not received answer from Vice President on low cost car,https://en.antaranews.com/news/90854/jokowi-has-not-received-answer-from-vice-president-on-low-cost-car,0.0,NEUTRAL
2013-09-24,Cheap car policy`s pros and cons must be evaluated,https://en.antaranews.com/news/90846/cheap-car-policys-pros-and-cons-must-be-evaluated,0.4,POSITIVE
2013-09-23,Cheap car policy discourages national automotive industry: Jokowi,https://en.antaranews.com/news/90840/cheap-car-policy-discourages-national-automotive-industry-jokowi,0.4,POSITIVE
2013-09-23,Minister hopes low cost cars won`t boost fuel consumption,https://en.antaranews.com/news/90834/minister-hopes-low-cost-cars-wont-boost-fuel-consumption,0.0,NEUTRAL
2013-09-21,RI`s low-cost cars to target export market,https://en.antaranews.com/news/90812/ris-low-cost-cars-to-target-export-market,0.0,NEUTRAL
2013-09-20,Minister stresses on urgent need for low cost cars,https://en.antaranews.com/news/90800/minister-stresses-on-urgent-need-for-low-cost-cars,0.0,NEUTRAL
2013-09-10,"James Bond`s ""Spy Who Loved Me"" submarine car sold in London",https://en.antaranews.com/news/90637/james-bonds-spy-who-loved-me-submarine-car-sold-in-london,0.7,POSITIVE
2013-08-29,Govt to raise sale tax on luxury cars soon,https://en.antaranews.com/news/90476/govt-to-raise-sale-tax-on-luxury-cars-soon,0.0,NEUTRAL
2013-07-30,Mysterious double coffin found at King Richard III car park site,https://en.antaranews.com/news/90060/mysterious-double-coffin-found-at-king-richard-iii-car-park-site,0.0,NEUTRAL
2013-07-14,"27 killed, 77 wounded in separate attacks across Iraq",https://en.antaranews.com/news/89841/27-killed-77-wounded-in-separate-attacks-across-iraq,-0.2,NEGATIVE
2013-06-26,UIS sSinger Chris Brown charged over hit-and-run,https://en.antaranews.com/news/89570/uis-ssinger-chris-brown-charged-over-hit-and-run,0.0,NEUTRAL
2013-06-25,An unexpected car race to trace Snowden,https://en.antaranews.com/news/89542/an-unexpected-car-race-to-trace-snowden,0.1,POSITIVE
2013-05-06,Egypt`s Prime Minister unhurt by shotting near his car,https://en.antaranews.com/news/88727/egypts-prime-minister-unhurt-by-shotting-near-his-car,0.1,POSITIVE
2013-05-02,Minister preparing second generation electric car,https://en.antaranews.com/news/88707/minister-preparing-second-generation-electric-car,0.0,NEUTRAL
2013-04-18,Indonesian government revises draft regulation on low-cost green car,https://en.antaranews.com/news/88514/indonesian-government-revises-draft-regulation-on-low-cost-green-car,-0.2,NEGATIVE
2013-04-17,Indonesia's racer Rio Haryanto leaves for Bahrain,https://en.antaranews.com/news/88477/indonesias-racer-rio-haryanto-leaves-for-bahrain,0.0,NEUTRAL
2013-01-27,ITS launches electric car,https://en.antaranews.com/news/87097/its-launches-electric-car,0.0,NEUTRAL
2013-01-18,Mitsubishi car sales up 10.8 percent in 2012,https://en.antaranews.com/news/86944/mitsubishi-car-sales-up-108-percent-in-2012,0.0,NEUTRAL
2013-01-08,Dahlan Iskan could be a suspect in test drive accident,https://en.antaranews.com/news/86683/dahlan-iskan-could-be-a-suspect-in-test-drive-accident,0.0,NEUTRAL
2013-01-05,Minister test drives Indonesia`s first super-electric car,https://en.antaranews.com/news/86638/minister-test-drives-indonesias-first-super-electric-car,0.25,POSITIVE
2012-12-31,"New Year Eve, car-free night",https://en.antaranews.com/news/86485/new-year-eve-car-free-night,0.1363636363636363,POSITIVE
2012-12-26,Car bomb hits NATO base in eastern afghanistan,https://en.antaranews.com/news/86385/car-bomb-hits-nato-base-in-eastern-afghanistan,-0.8,NEGATIVE
2012-12-25,Jakarta`s main streets will be closed on new year`s eve,https://en.antaranews.com/news/86371/jakartas-main-streets-will-be-closed-on-new-years-eve,0.0676767676767676,POSITIVE
2012-12-25,Japanese brands dominate national automotive market this year,https://en.antaranews.com/news/86369/japanese-brands-dominate-national-automotive-market-this-year,0.0,NEUTRAL
2012-12-18,Year-ender: Green car industry awaiting government policy,https://en.antaranews.com/news/86249/year-ender-green-car-industry-awaiting-government-policy,-0.2,NEGATIVE
2012-12-12,Car industry may face slowdown next year,https://en.antaranews.com/news/86138/car-industry-may-face-slowdown-next-year,0.0,NEUTRAL
2012-12-10,Car sales predicted to increase next year,https://en.antaranews.com/news/86072/car-sales-predicted-to-increase-next-year,0.0,NEUTRAL
2012-11-29,Indonesia has technology to produce electric cars,https://en.antaranews.com/news/85864/indonesia-has-technology-to-produce-electric-cars,0.0,NEUTRAL
2012-11-28,Govt urges luxurious car owners to use non-subsidized gasoline,https://en.antaranews.com/news/85844/govt-urges-luxurious-car-owners-to-use-non-subsidized-gasoline,0.0,NEUTRAL
2012-11-17,Two Malaysian tourists injured in road accident in Bandung,https://en.antaranews.com/news/85638/two-malaysian-tourists-injured-in-road-accident-in-bandung,0.0,NEUTRAL
2012-11-10,RI car production expected to jump to one million units in 2013,https://en.antaranews.com/news/85523/ri-car-production-expected-to-jump-to-one-million-units-in-2013,-0.1,NEGATIVE
2012-10-29,"Car bomb kills 13, wounds 28 in Baghdad",https://en.antaranews.com/news/85277/car-bomb-kills-13-wounds-28-in-baghdad,0.0,NEUTRAL
2012-10-18,Jakarta`s new governor rejects luxurious car,https://en.antaranews.com/news/85105/jakartas-new-governor-rejects-luxurious-car,0.1363636363636363,POSITIVE
2012-10-17,Govt sets 1.1 mln car sales target for 2013,https://en.antaranews.com/news/85069/govt-sets-11-mln-car-sales-target-for-2013,0.0,NEUTRAL
2012-10-02,National electric car`s road-map is completed,https://en.antaranews.com/news/84822/national-electric-cars-road-map-is-completed,0.0,NEUTRAL
2012-10-01,Esemka car maker to build its own factory,https://en.antaranews.com/news/84805/esemka-car-maker-to-build-its-own-factory,0.6,POSITIVE
2012-09-30,String of Iraq car bomb blasts kill at 17,https://en.antaranews.com/news/84782/string-of-iraq-car-bomb-blasts-kill-at-17,0.0,NEUTRAL
2012-09-28,Porsche Panamera Sport Turismo Concept Car,https://en.antaranews.com/news/84767/porsche-panamera-sport-turismo-concept-car,0.0,NEUTRAL
2012-09-23,Drunken driver kills 7 at Moscow bus stop,https://en.antaranews.com/news/84671/drunken-driver-kills-7-at-moscow-bus-stop,0.0,NEUTRAL
2012-09-21,Indonesia set to achieve car production target,https://en.antaranews.com/news/84651/indonesia-set-to-achieve-car-production-target,0.0,NEUTRAL
2012-09-21,Car exports up 67.2 percent,https://en.antaranews.com/news/84634/car-exports-up-672-percent,0.0,NEUTRAL
2012-09-20,Indonesian govt hopes to accelerate production of green cars,https://en.antaranews.com/news/84604/indonesian-govt-hopes-to-accelerate-production-of-green-cars,-0.2,NEGATIVE
2012-09-18,Female car bomber kills 12 in Kabul,https://en.antaranews.com/news/84582/female-car-bomber-kills-12-in-kabul,0.0,NEUTRAL
2012-09-11,"Yemen minister survives car bomb, 10 killed",https://en.antaranews.com/news/84454/yemen-minister-survives-car-bomb-10-killed,-0.2,NEGATIVE
2012-09-11,India's Tata motors is in Indonesia now,https://en.antaranews.com/news/84435/indias-tata-motors-is-in-indonesia-now,0.0,NEUTRAL
2012-09-07,Car down payment regulation will affect potential investment,https://en.antaranews.com/news/84395/car-down-payment-regulation-will-affect-potential-investment,-0.0777777777777777,NEGATIVE
2012-08-08,ITB electric car to be unveiled on National Technology Awakening Day,https://en.antaranews.com/news/83840/itb-electric-car-to-be-unveiled-on-national-technology-awakening-day,0.0,NEUTRAL
2012-08-08,Mazda car sales hit new record high,https://en.antaranews.com/news/83820/mazda-car-sales-hit-new-record-high,0.1481818181818182,POSITIVE
2012-07-31,Low carbon emission policy to be issued on August 30,https://en.antaranews.com/news/83719/low-carbon-emission-policy-to-be-issued-on-august-30,0.0,NEUTRAL
2012-07-23,Incentives called for electric car,https://en.antaranews.com/news/83567/incentives-called-for-electric-car,0.0,NEUTRAL
2012-07-16,Dahlan Iskan test drive national electric car prototype,https://en.antaranews.com/news/83454/dahlan-iskan-test-drive-national-electric-car-prototype,0.0,NEUTRAL
2012-07-15,RI can produce electric cars earlier than initial plan,https://en.antaranews.com/news/83437/ri-can-produce-electric-cars-earlier-than-initial-plan,0.0,NEUTRAL
2012-07-10,Kramayudha launches new Mitsubishi passenger car,https://en.antaranews.com/news/83351/kramayudha-launches-new-mitsubishi-passenger-car,0.1363636363636363,POSITIVE
2012-07-08,ITS wins energy-saving car competition,https://en.antaranews.com/news/83299/its-wins-energy-saving-car-competition,0.3,POSITIVE
2012-06-26,Test drive of electric bus marks National Technology Awakening Day,https://en.antaranews.com/news/83108/test-drive-of-electric-bus-marks-national-technology-awakening-day,0.0,NEUTRAL
2012-06-26,Two Iraq bombings kill 12 people,https://en.antaranews.com/news/83091/two-iraq-bombings-kill-12-people,0.0,NEUTRAL
2012-06-19,Indonesian govt not to cut car production to reduce congestion,https://en.antaranews.com/news/82936/indonesian-govt-not-to-cut-car-production-to-reduce-congestion,0.0,NEUTRAL
2012-06-11,Church attacks kill at least 3 in Nigeria,https://en.antaranews.com/news/82760/church-attacks-kill-at-least-3-in-nigeria,-0.3,NEGATIVE
2012-06-09,Suicide bombing of Nigeria police station kills 4,https://en.antaranews.com/news/82723/suicide-bombing-of-nigeria-police-station-kills-4,0.0,NEUTRAL
2012-06-07,Official cars use pertamax starting August,https://en.antaranews.com/news/82702/official-cars-use-pertamax-starting-august,0.0,NEUTRAL
2012-06-04,Suicide blast at church in northern Nigeria kills 15,https://en.antaranews.com/news/82641/suicide-blast-at-church-in-northern-nigeria-kills-15,0.0,NEUTRAL
2012-05-30,Indonesian govt to accelerate regulation for hybrid cars,https://en.antaranews.com/news/82555/indonesian-govt-to-accelerate-regulation-for-hybrid-cars,0.0,NEUTRAL
2012-05-29,"Govt gears up for domestic production of hybrid, electric cars",https://en.antaranews.com/news/82503/govt-gears-up-for-domestic-production-of-hybrid-electric-cars,0.0,NEUTRAL
2012-05-28,Govt to discuss incentive for hybrid car production,https://en.antaranews.com/news/82485/govt-to-discuss-incentive-for-hybrid-car-production,0.0,NEUTRAL
2012-05-28,Big applause at Yogyakarta state palace,https://en.antaranews.com/news/82483/big-applause-at-yogyakarta-state-palace,0.0,NEUTRAL
2012-05-26,Indonesia needs electric cars to help solve energy problem,https://en.antaranews.com/news/82430/indonesia-needs-electric-cars-to-help-solve-energy-problem,0.0,NEUTRAL
2012-05-25,Lawmaker angry seeing luxury car with TNI plate number,https://en.antaranews.com/news/82396/lawmaker-angry-seeing-luxury-car-with-tni-plate-number,-0.5,NEGATIVE
2012-05-16,Toyota urged to produce hybrid car in Indonesia,https://en.antaranews.com/news/82142/toyota-urged-to-produce-hybrid-car-in-indonesia,0.0,NEUTRAL
2012-05-15,Car bomb kills two soldiers in Pakistan: police,https://en.antaranews.com/news/82106/car-bomb-kills-two-soldiers-in-pakistan-police,0.0,NEUTRAL
2012-05-14,Iraq bomb attacks against security kill five,https://en.antaranews.com/news/82081/iraq-bomb-attacks-against-security-kill-five,0.0,NEUTRAL
2012-05-04,Car-free day necessary in Depok,https://en.antaranews.com/news/81855/car-free-day-necessary-in-depok,0.0,NEUTRAL
2012-05-04,Govt takes five measures to restrict subsidized fuel use,https://en.antaranews.com/news/81838/govt-takes-five-measures-to-restrict-subsidized-fuel-use,0.0,NEUTRAL
2012-04-30,"Pakistan car bomb kills two, injures five",https://en.antaranews.com/news/81713/pakistan-car-bomb-kills-two-injures-five,0.0,NEUTRAL
2012-04-16,Car bomb attack kills 4 pro-government tribesmen in Southern Yemen,https://en.antaranews.com/news/81402/car-bomb-attack-kills-4-pro-government-tribesmen-in-southern-yemen,0.0,NEUTRAL
2012-04-09,Easter bomb attack near Nigeria church kills at least 20,https://en.antaranews.com/news/81218/easter-bomb-attack-near-nigeria-church-kills-at-least-20,-0.0999999999999999,NEGATIVE
2012-04-03,"In Denmark, buy a house and get a car free",https://en.antaranews.com/news/81121/in-denmark-buy-a-house-and-get-a-car-free,0.4,POSITIVE
2012-03-28,UGM launches electric car,https://en.antaranews.com/news/80963/ugm-launches-electric-car,0.0,NEUTRAL
2012-03-22,"Car bomb rocks Somali capital, Al Shabaab says responsible",https://en.antaranews.com/news/80798/car-bomb-rocks-somali-capital-al-shabaab-says-responsible,0.2,POSITIVE
2012-03-19,President discusses green car development with rectors,https://en.antaranews.com/news/80713/president-discusses-green-car-development-with-rectors,-0.2,NEGATIVE
2012-03-18,Seven people killed in car-train collision in Tasikmalaya,https://en.antaranews.com/news/80679/seven-people-killed-in-car-train-collision-in-tasikmalaya,-0.2,NEGATIVE
2012-03-09,Germany to help develop esemka car project,https://en.antaranews.com/news/80520/germany-to-help-develop-esemka-car-project,0.0,NEUTRAL
2012-02-26,RI ready to mass produce affordable national car,https://en.antaranews.com/news/80140/ri-ready-to-mass-produce-affordable-national-car,0.2,POSITIVE
2012-02-19,Several wounded in blast near Nigerian church,https://en.antaranews.com/news/80013/several-wounded-in-blast-near-nigerian-church,0.05,POSITIVE
2012-02-14,Indian police hunt motorbike assailant in Israel attack,https://en.antaranews.com/news/79874/indian-police-hunt-motorbike-assailant-in-israel-attack,0.0,NEUTRAL
2012-02-11,Army chief visits south after pattani car bombing,https://en.antaranews.com/news/79802/army-chief-visits-south-after-pattani-car-bombing,0.0,NEUTRAL
2012-02-10,Plan to mass-produce Esemka car gets thumb-up,https://en.antaranews.com/news/79779/plan-to-mass-produce-esemka-car-gets-thumb-up,0.0,NEUTRAL
2012-02-03,HIPMI to open 33 dealerships for Esemka car,https://en.antaranews.com/news/79624/hipmi-to-open-33-dealerships-for-esemka-car,0.0,NEUTRAL
2012-01-28,Suicide car bomb outside Baghdad hospital kills 31,https://en.antaranews.com/news/79505/suicide-car-bomb-outside-baghdad-hospital-kills-31,0.0,NEUTRAL
2012-01-19,Indian Tata to launch cheap car in RI later this year,https://en.antaranews.com/news/79323/indian-tata-to-launch-cheap-car-in-ri-later-this-year,0.2,POSITIVE
2012-01-17,Car bomb kills at least 9 in Iraq`s Mosul,https://en.antaranews.com/news/79184/car-bomb-kills-at-least-9-in-iraqs-mosul,-0.3,NEGATIVE
2012-01-16,Dirgantara Indonesia ready to install fuel converters on ministers` cars,https://en.antaranews.com/news/79171/dirgantara-indonesia-ready-to-install-fuel-converters-on-ministers-cars,0.2,POSITIVE
2012-01-12,PT DI ready to produce converter kits for cars,https://en.antaranews.com/news/79107/pt-di-ready-to-produce-converter-kits-for-cars,0.2,POSITIVE
2012-01-12,Britain condems killing of Iranian nuclear scientist,https://en.antaranews.com/news/79091/britain-condems-killing-of-iranian-nuclear-scientist,0.0,NEUTRAL
2012-01-10,Muhammadiyah school in c Java also produced 50 cars,https://en.antaranews.com/news/79016/muhammadiyah-school-in-c-java-also-produced-50-cars,0.0,NEUTRAL
2012-01-09,Iraq car bomb wounds 15 Afghan pilgrims,https://en.antaranews.com/news/79001/iraq-car-bomb-wounds-15-afghan-pilgrims,0.0,NEUTRAL
2012-01-04,President appreciates solo students` car-making achievement,https://en.antaranews.com/news/78914/president-appreciates-solo-students-car-making-achievement,0.0,NEUTRAL
2011-11-24,Two killed as car hit by train in southwestern Japan,https://en.antaranews.com/news/77898/two-killed-as-car-hit-by-train-in-southwestern-japan,-0.2,NEGATIVE
2011-11-03,Seven hurt in Pakistan bomb attack,https://en.antaranews.com/news/77215/seven-hurt-in-pakistan-bomb-attack,0.0,NEUTRAL
2011-10-31,Naked and drunk Moscow motorist crashes into 17 cars,https://en.antaranews.com/news/77112/naked-and-drunk-moscow-motorist-crashes-into-17-cars,-0.25,NEGATIVE
2011-10-29,Car bomb kills senior Yemen policeman,https://en.antaranews.com/news/77052/car-bomb-kills-senior-yemen-policeman,0.0,NEUTRAL
2011-10-19,Astra leads domestic car sales,https://en.antaranews.com/news/76715/astra-leads-domestic-car-sales,0.0,NEUTRAL
2011-09-29,Car bomb kills six in Russia`s muslim Dagestan,https://en.antaranews.com/news/76074/car-bomb-kills-six-in-russias-muslim-dagestan,0.0,NEUTRAL
2011-09-21,BMW sales in Indonesia up 18 percent,https://en.antaranews.com/news/75885/bmw-sales-in-indonesia-up-18-percent,0.0,NEUTRAL
2011-09-20,Singapore to test cctv cameras to curb roadside parking,https://en.antaranews.com/news/75823/singapore-to-test-cctv-cameras-to-curb-roadside-parking,0.0,NEUTRAL
2011-09-10,Judge killed in car blast in southern Albania,https://en.antaranews.com/news/75535/judge-killed-in-car-blast-in-southern-albania,-0.1,NEGATIVE
2011-08-18,Bank Mandiri records CAR at 16 pct,https://en.antaranews.com/news/74926/bank-mandiri-records-car-at-16-pct,0.0,NEUTRAL
2011-08-05,Kia`s morning named best foreign small car in Germany,https://en.antaranews.com/news/74478/kias-morning-named-best-foreign-small-car-in-germany,0.2083333333333333,POSITIVE
2011-08-03,Toxic chemicals found in kids` car seats: Study,https://en.antaranews.com/news/74434/toxic-chemicals-found-in-kids-car-seats-study,0.0,NEUTRAL
2011-08-02,Car bomb at Kirkuk church wound 15: police,https://en.antaranews.com/news/74374/car-bomb-at-kirkuk-church-wound-15-police,0.0,NEUTRAL
2011-07-26,Car makers urged to use local contents,https://en.antaranews.com/news/74130/car-makers-urged-to-use-local-contents,0.0,NEUTRAL
2011-07-25,Indonesia International Motor Show draws more visitors,https://en.antaranews.com/news/74099/indonesia-international-motor-show-draws-more-visitors,0.25,POSITIVE
2011-07-25,`Qaeda` suicide bomber in pickup kills 9 Yemeni troops,https://en.antaranews.com/news/74059/qaeda-suicide-bomber-in-pickup-kills-9-yemeni-troops,0.0,NEUTRAL
2011-07-21,Briton killed by south Yemen car bomb: police,https://en.antaranews.com/news/73953/briton-killed-by-south-yemen-car-bomb-police,-0.2,NEGATIVE
2011-07-16,"Iraq bombs kill 5, wound 23",https://en.antaranews.com/news/73796/iraq-bombs-kill-5-wound-23,0.0,NEUTRAL
2011-07-03,Domestic car sales grow 12 pct in H1,https://en.antaranews.com/news/73366/domestic-car-sales-grow-12-pct-in-h1,0.0,NEUTRAL
2011-06-21,Car bomb kills three in nw Pakistan: police,https://en.antaranews.com/news/72944/car-bomb-kills-three-in-nw-pakistan-police,0.0,NEUTRAL
2011-06-21,"Dunn, star of `Jackass` movies, dies in car crash",https://en.antaranews.com/news/72943/dunn-star-of-jackass-movies-dies-in-car-crash,-0.5,NEGATIVE
2011-05-29,Thousands mark 1st anniversary of car-free day in Solo,https://en.antaranews.com/news/72088/thousands-mark-1st-anniversary-of-car-free-day-in-solo,0.0,NEUTRAL
2011-05-27,"25 killed, over 50 injured in suicide car blast in Hangu, nw Pakistan",https://en.antaranews.com/news/71999/25-killed-over-50-injured-in-suicide-car-blast-in-hangu-nw-pakistan,-0.2,NEGATIVE
2011-05-23,Italian toddler left in hot car dies,https://en.antaranews.com/news/71792/italian-toddler-left-in-hot-car-dies,0.0833333333333333,POSITIVE
2011-05-22,Three car passengers burned to death in Surabaya,https://en.antaranews.com/news/71757/three-car-passengers-burned-to-death-in-surabaya,0.0,NEUTRAL
2011-05-10,Al-qaeda in Iraq claims deadly Hilla bombing: Site,https://en.antaranews.com/news/71232/al-qaeda-in-iraq-claims-deadly-hilla-bombing-site,-0.2,NEGATIVE
2011-05-03,No car-free day during ASEAN summit,https://en.antaranews.com/news/70974/no-car-free-day-during-asean-summit,0.0,NEUTRAL
2011-04-29,Iraq car bomb kills 5 as general assassinated,https://en.antaranews.com/news/70777/iraq-car-bomb-kills-5-as-general-assassinated,0.05,POSITIVE
2011-04-19,Suicide car bombs kill 5 at Baghdad Green Zone,https://en.antaranews.com/news/70402/suicide-car-bombs-kill-5-at-baghdad-green-zone,-0.2,NEGATIVE
2011-04-18,Suicide car bombs kill 5 at Baghdad green zone,https://en.antaranews.com/news/70400/suicide-car-bombs-kill-5-at-baghdad-green-zone,-0.2,NEGATIVE
2011-04-12,"Seventeen killed, 40 wounded in Iraq attacks",https://en.antaranews.com/news/70176/seventeen-killed-40-wounded-in-iraq-attacks,-0.2,NEGATIVE
2011-03-16,Two hurt in car bomb blast in Northeast Mexico,https://en.antaranews.com/news/69237/two-hurt-in-car-bomb-blast-in-northeast-mexico,0.0,NEUTRAL
2011-03-04,Police arrest 11 over attack on football executive`s car,https://en.antaranews.com/news/68763/police-arrest-11-over-attack-on-football-executives-car,-0.05,NEGATIVE
2011-02-21,Iraq suicide car bomb kills 10 police,https://en.antaranews.com/news/68297/iraq-suicide-car-bomb-kills-10-police,0.0,NEUTRAL
2011-02-18,Five dead in Afghan suicide car bombing: police,https://en.antaranews.com/news/68209/five-dead-in-afghan-suicide-car-bombing-police,-0.2,NEGATIVE
2011-02-03,Car bomb kills nine in Pakistan market,https://en.antaranews.com/news/67670/car-bomb-kills-nine-in-pakistan-market,0.0,NEUTRAL
2011-01-28,"Baghdad car bomb hits mourners, 53 dead in attacks",https://en.antaranews.com/news/67421/baghdad-car-bomb-hits-mourners-53-dead-in-attacks,-0.2,NEGATIVE
2011-01-25,Triple attacks on Shiite pilgrims in Iraq kill 12,https://en.antaranews.com/news/67310/triple-attacks-on-shiite-pilgrims-in-iraq-kill-12,0.0,NEUTRAL
